{
  "version": 1,
  "author": "Uri Shaked",
  "editor": "wokwi",
  "parts": [
    { "type": "wokwi-breadboard-half", "id": "bb1", "top": -156.6, "left": -122, "attrs": {} },
    { "type": "board-esp32-devkit-c-v4", "id": "esp", "top": -9.6, "left": -263.96, "attrs": {} },
    { "type": "wokwi-relay-module", "id": "relay1", "top": 125, "left": 38.4, "attrs": {} },
    { "type": "wokwi-led", "id": "led1", "top": -80.4, "left": 23, "attrs": { "color": "red" } },
    {
      "type": "wokwi-resistor",
      "id": "r1",
      "top": -34.15,
      "left": 46.6,
      "rotate": 180,
      "attrs": { "value": "1000" }
    }
  ],
  "connections": [
    [ "esp:TX", "$serialMonitor:RX", "", [] ],
    [ "esp:RX", "$serialMonitor:TX", "", [] ],
    [ "esp:GND.1", "bb1:bn.1", "black", [ "h0" ] ],
    [ "esp:5V", "bb1:bp.1", "red", [ "h153.75", "v-162.3" ] ],
    [ "relay1:GND", "bb1:bn.6", "black", [ "h0" ] ],
    [ "relay1:VCC", "bb1:bp.6", "red", [ "h-57.6", "v-114.3" ] ],
    [ "relay1:IN", "esp:15", "green", [ "h0" ] ],
    [ "led1:A", "bb1:16b.f", "", [ "$bb" ] ],
    [ "led1:C", "bb1:15b.f", "", [ "$bb" ] ],
    [ "r1:1", "bb1:22b.g", "", [ "$bb" ] ],
    [ "r1:2", "bb1:16b.g", "", [ "$bb" ] ],
    [ "bb1:22b.f", "relay1:NO", "green", [ "h76.8", "v203.4" ] ],
    [ "relay1:COM", "bb1:bn.20", "green", [ "h20.4", "v-115.3" ] ]
  ],
  "dependencies": {}
}